id,datasetName,scientificName,municipality,locality,county,stateProvince,country,verbatimLatitude,verbatimLongitude,verbatimElevation,habitat,comment,verbatimEventDate,eventDate,recordedBy,recordNumber,identifiedBy,dateIdentified,otherCatalogNumbers,associatedTaxa,,
cs_16625_1,"BOTANICAL MUSEUM, UNIVERSITY OF HELSINKI (H) and BRYOPHYTE HERBARIUM OF HUMBOLDT STATE UNIVERSITY (HSC)",Trachyloma indicum Mitt. var. teretirameum Miller & Manuel,,5 km SE of Lake Wamba (5 km S of Tep-tep Airstrip). In elfin forest approaching moss forest on saddle of ridge leading to top of Mt. Finisterre. (collection site no. 2u),,Morobe Prov.,Papua New Guinea,6º 03' S,146º 35' E,3000 m,"Moist, diffusely lit bark of tree","Expedition sponsored by University of Helsinki, Academy of Finland and Humboldt State University (Arcata, California) under the auspices of National Herbarium at Lae, Wau Ecology Institude and University of Papua New Guinea",24 July 1981,1981-07-24,Daniel H. Norris,64276,D. H. Norris,1982,,,,
cs_16625_15,,Vesicularia aperta,,Moorea. Near Belvedere.,,,French Polynesia,"17º 32' 30.9299"" S","149º 49' 34.6188"" W",1000 ft.,In stream. On rock. Full shade.,,20 May 1998,1998-05-20,Dennis P. Wall | Daniel Norris,765,,,,,,
cs_16625_22,"BOTANICAL MUSEUM, UNIVERSITY OF HELSINKI (H) and BRYOPHYTE HERBARIUM OF HUMBOLDT STATE UNIVERSITY (HSC)",Telaranea kogiana (Steph.) Grolle,,Frieda River prospecting area of Frieda Copper Co. Kokomo Creek 2.5 km W of Frieda Base Camp (helipad K 10). (collection site no. 6),,West Sepik Prov.,Papua New Guinea,4º 41' S,141º 46' E,550 m,"In tropical rainforest along stream, on trunk","Expedition sponsored by University of Helsinki, Academy of Finland and Humboldt State University (Arcata, California) under the auspices of National Herbarium at Lae, Wau Ecology Institude and University of Papua New Guinea",7 August 1981,1981-08-07,Timo Koponen,35732a,S. Piippo,1984,,,, 
cs_16625_23,BRYOPHYTES OF AUSTRALIA,Grimmia trichophylla Grev.,,"HAMILTON MUNICIPALITY. In Eucalyptus coccifera forest of shores of Lake Dobson, Mt. Field Natl. Park.",,TASMANIA,AUSTRALIA ,42º 42' S,146º 36'E,ca. 1000 M.,"On fairly moist, diffusely lit boulder. ",,17 November 1973,1973-11-17,D. H. Norris,27614,,,,Eucalyptus coccifera,,
cs_16625_25,Herbarium bryologicum Hjalmar Moller,Grimmia unicolor Hook,,Amal pa Sodra Trehornan i Vanern,,Dalsland,Sweden,,,,,,24.8.1919,2019-08-24,P. A. Larsson,,,,,,,
cs_16625_2,Plants of Sweden.,Brachythecium glareosum (Bruch) Br. um.,,"Brunflo, Änge",,Jämtland,Sweden,,,,,1042 Fay A. MacFayden Herb. no. 16618,5/7 1934,2034-05-07,Carl Stenholm,,,,,,,
cs_16625_3,National Nasionale HERBARIUM PRETORIA ,Bryum argenteum Hedw.,,"Beaufort West distr., farm Aardoorns",,Cape,,,,,Side of small watercourse,,1983.10.06,1983-10-06,Retief & Reid,102,SM Perold,1983,,,,
cs_16625_4,HERBIER PAUL CUYNET,Campylopus pyriformis (Schultz) Brid.,,"Bois des Mety, au bord diceu gentis, a tene",,,France,,,,au bord des semars √† terre.,= 684 bri,28 Septbre 1965,1965-09-28,,73,L. Hilliet,,,,,
cs_16625_5,Bryophytes of Australia,Ditrichum difficile (Dub.) Fleisch.,,"New Norfolk Municipality, near Jacques Creek near end of Styx River Road.",,Tasmania,Australia,42º48'S,146º36'E,,"On moist, diffusely lit soil of stump throw in very large Eucalyptus regnans forest in deep ravine",,5 December 1973,1973-12-05,D. H. Norris,29053,R. D. Seppelt,1978-09,,Eucalyptus regnans,,
cs_16625_6,BRYOPHYTES OF AUSTRALIA,Garovaglia powellii Mitt. ssp. muelleri (Hampe) During,,about 2 miles west of Paluma (Mt. Spec) on road to Paluma Dam (about 41 miles northwest of Townsville).,,Queensland,Australia,19 - 20ºS,146 - 147ºE,ca. 600 M,"Moist, rather shaded log. In eucalyptus forest with rainforest species in understory. ",,24 April 1974,1974-04-24,D. H. Norris,39509,,,,,,
cs_16625_7,,Homalia trichomanoides. B&S.,,,,,Scotland,,,,,,July.1884,1884-07,T. Baxter,,,,EX HERBARIUM MANCHESTER MUSEUM DUPLICATE,,,
cs_16625_8,BRYOPHYTES OF AUSTRALIA,Leptostomum inclinans R.Br.,,"along road from Burton's Well to Westcott Plains Picnic Area, Bunya Mtns. Natl. Park, southwest of Kingaroy.",,Queensland,Australia,26 - 27º S,151 - 152º E,800-1000 m,"On moist, diffusely lit fallen tree in open rainforest",,8 March 1974,1974-03-08,D. H. Norris,35516,D. H. Norris,2005,,,,
cs_16625_10,Bryophytes of Iran,Palamocladium euchloron (Mull. Hal.) Wijk & Margadant,,in Kheyroud-Kenar Field Station of the University of Tehran College of Agriculture above Noshahr.,,Mazandaran Province,Iran,36º 35.0' N,51º 33.9' E,ca. 500 m,"On moist, diffusely lit twigs of shrub along road in forest of Fagus, Acer, Quercus, Carpinus, Zelkova, Ulmus and Diospyros on steep north-facing slopes","Collaborative collections of the Univ. of Tehran College of Agriculture and the Univ. Herbarium, Univ. of California, Berkeley under grant #7086-02 from the National Geographic Society.",15 October 2002,2002-10-15,D. H. Norris | T. R. Maassoumi | B. Ertter | M. Mahdavian | B. Mishler | F. Tahbaz,104755,D. H. Norris,2004,,,,
cs_16625_11,Bryophytes of Finland,Pleurozium schreberi (Brid.) Mitt.,,"on small island in the lake ""Lohjajärvi"" about midway between Turku and Helsinki.",,,Finland,,,,"On moist, diffusely lit boulder in coniferous forest",,20 July 1978,1978-07-20,D. H. Norris,51843,,,,,,
cs_16625_12,"SOCIÉTÉ  FRANÇAISE, 1921",Pterigynandrum filiforme Hedw.,,"Bagnéres-de-Bigorre, au Lhéris.",,Hautes-Pyrénées,,,,,sur troncs,,Août 1917,1917-08,F. JEANJEAN,156,,,EXSICC. CH. DUFFOUR 3987,,,
cs_16625_13,MISSOURI BOTANICAL GARDEN HERBARIUM (MO),Schlotheimia rugifolia (W. J. Hooker) Schwägrichen,,Along the Raspaculo Branch above the confluence with the Monkey Tail Branch.,,Cayo,Belize,16º 49' N,88º 56' W,395 meters,"On tree trunk, mixed with Groutiella tomentosa","Encoded in TROPICOS, <18325-18338>",12 December 1996,1996-12-12,Bruce Allen,18332,B. Allen,1997,,Groutiella tomentosa,,
cs_16625_14,Mosses of Finland,Sphagnum tenellum Ehrh. ex Hoffm.,,at Taipaleensuo about 15 km. west of Hameenlinna.,,,Finland,60º 59' N,24º 07' E,,On submerged peat in bottom of shallow pool in almost treeless areas of eutrophic fen,,17 September 1987,1987-09-17,D. H. Norris,73406,,,,,,
cs_16625_16,,Marchantia polymorpha L.,,"Along Big East River ca. 6 miles east of Port Saunders, Northern Peninsula.",,Newfoundland,,,,,"Moist, diffusely lit soil.",,17 July 1966,1966-07-17,D. H. Norris,4425L,A. Whittemore,1979-07,,,,
cs_16625_17,Bryophytes of Australia,Bryum billardieri Schwägr.,Deloraine Municipality,near Stella Glen.,,Tasmania,Australia,41º 39' S,146º 42' E,600 M.,"On moist, diffusely lit soil of upturned stump in wet schlerophyll forest with scattered Nothofagus",,16 January 1974,1974-01-16,D. H. Norris,32918,,,,Nothofagus,,
cs_16625_18,,Aerobryopsis scariosa Bartram,,The Pali.,Oahu,Hawaiian Islands,,,,,"On ground under brush by roadway, near crest.","(Previously known only from Luzon, P. I.), Fay A. MacFadden Herb. no. 22915",27 December 1958,1958-12-27,Gail Savage,,E. B. Bartram,,Ex Herb. P. M. Patterson #2869,,,
cs_16625_19,BRYOPHYTES OF THE HAWAIIAN ISLANDS,Bryum megalostegium Sulliv.,,"Papali Gulch, Hauula, Koolau range",Oahu,,,,,1500 ft.,,,26 Oct. 1952,1952-10-26,HAM,2622,,,Ex Herbarium Harvey Alfred Miller,,,
cs_16625_21,BLUE RIDGE MOSSES,Dicranum fulvum Hook.,,"S. W. Virginia, East Slope White Top Mountain",GRAYSON,,,,,3500 FEET,,,"August 11-12, 1892",1892-08-11,John K. Small,2500,,,,,,
IMG_3165,,Grimmia trichophylla Grev.,,at Idlewyld Campground ca. 10 miles east of Sawyers Bar on road to Etna.,Siskiyou,California,,,,,"On frequently flooded, sunny cracks in boulder near stream in mixed evergreen forest.",,April 1970,1970-04,D. H. Norris,11839,,,,,,
IMG_3166,Bryophytes of Monterey Co. California,Grimmia trichophylla Grev.,,"Poison Oak Hill, Hastings Natural History Reservation",Monterey,California,,,,,on rock,,Mar-7-1944,2044-03-07,Anonymous,100,E. Bartram,1944,,,,
IMG_3169,,,,,,,,,,,,,19 28/7 12,1912-07-28,,,,,,,,
IMG_3170,,Hedwigia ciliata (Hedw.) P. Beauv.,,"Holy Cross Mountains. Lysogory Range, Lysica Mountain",,Kielce,,,,611 m,"on dry, siliceous boulders, in sunny places.","Prodr. 15. 1805. - Anictangium ciliatum Hedw., Spec. Musc. 40. 1801. - Hedwigia albicans Lindb., Oefv. K. Vet. Ak. Foerh. 21: 421. 1864.",25 August 1957,1957-08-25,M. Kuc,143,,,Ochyra - MUSCI POLONIAE EXSICCATI,,,
IMG_3171,BRYOFLORA OF THE REPUBLIC OF KOREA,Herzogiella perrobusta (Broth. ex Card.) Iwats.,,"UNCH'ON REGION, 8th U.S. Army Installation. Rodriquez MPRC, Cherokee Valley Range. About 5 km north of Yong'yong Ch'on River and about 7 air km SW of Unch'on.",POCH-ON-GUN,KYONGGI-DO PROVINCE ,Korea ,"38 degrees 02'25"" N","127 degrees 12'10"" E",200 m.,On north-facing slope above Larix stand in a mixed hardwood forest. Shaded metamorphic gneiss rocks. ,"UNIVERSITY OF CALIFORNIA, BERKELEY",14 Aug 1997,1997-08-14,James R. Shevock,16206,Si He ,1998-03,,,,
IMG_3173,"HERBARIUM OF THE UNIVERSITY OF CALIFORNIA, BERKELEY",,,Volcan Llalmo,,Caulin ,Chile,,,1000m,,,11. 1927.,1927-11,,323238,Index Muscorum,1970-12,,,,
IMG_3174,,Homalothecium fulgescens (Mitt. ex C. Mull). Lawton,,Inside the city of Sequim (Sequim Road at Hanson Street.,Clallam,Washington,,48º 06' N,123º 05' N,ca. 20 m.,"On moist, diffusely lit bark of Quercus garryana in remnant patch of Quercus garryana",,30 May 2000,2000-05-30,D. H. Norris,98872,,,,,,
IMG_3175,,Homalothecium nuttallii (Wils.) Jaeg. + Sauerb.,,"Elwho levee, Port Angeles",,,,,,400,"Open sun, Rocks",CHECKED BY H.S. CONARD SC.D. BRYOPHYTA,1/18/59,1959-01-18,Marion P. Harthill,301,,,,,,
UC46732_2,F. RENAULD & J. CARDOT,Fontinalis antipyretica Hedw.,,lacus Pavin Arverniae,,,France,,,,,In aquis profundis,,,F. Renauld,30,Winona H. Welch,,Musci europ√¶i exsiccati,,,
UC1207518_2,MUSCI JAPONICI,Fontinalis antipyretica (L.) Hedw.,,near Azumi,,Nagano Prefecture,Japan,,,ca. 1500 m.,Rocks submerged in stream,Ser. 9 (1955) Edited by A. Noguchi & S. Hattori,,,U. Mizushima (Mrs.),,A. Noguchi,,,,,
UC1318628_2,,Fontinalis antipyretica L. ex Hedw.,,Vaud. Commune de Chavannes des Bois. Cours de la Versoix (rivi√®re).,,Vaud,Switzerland,,,464 m.,Sur les pierres submerg√©es dans le lit de la rivi√®re.,,,,S. Vautier | J-D. Bersier,390,Winona H. Welch,,Duplicatum ex CONSERVATORIO BOTANICO GENEVENSI HELVETIAE,,,